href,type
https://cdn.pixabay.com/photo/2023/01/07/07/16/houses-7702757__340.jpg,"Houses, Laundry, Window, Historic Center"
https://cdn.pixabay.com/photo/2023/01/08/18/42/road-7705906__340.jpg,"Road, Bratislava, Historic Center, Mood"
https://cdn.pixabay.com/photo/2022/12/12/17/05/elephants-7651446__340.jpg,"Elephants, Africa, Nature, Safari"
https://cdn.pixabay.com/photo/2023/01/10/21/31/trees-7710539__340.jpg,"Trees, Forest, Lake, Road, Painting"
https://cdn.pixabay.com/photo/2021/12/10/08/24/bird-6860047__340.jpg,Long-tailed tit.
https://cdn.pixabay.com/photo/2022/07/11/10/42/boho-style-7314646__340.png,"Boho Style, Bohemian Style, Design"
https://cdn.pixabay.com/photo/2022/10/11/12/38/french-bulldog-7514203__340.jpg,Arnold on Field in autumn
https://cdn.pixabay.com/photo/2023/01/06/13/33/palace-7701252__340.jpg,"Palace, City, Building, Structure"
https://cdn.pixabay.com/photo/2023/01/14/13/01/car-7718136__340.jpg,"Car, Vehicle, Road, Number Plate, Unique"
https://cdn.pixabay.com/photo/2023/01/14/10/18/buildings-7717853__340.jpg,"Buildings, Coast, Sea, Ocean, Cala"
https://cdn.pixabay.com/photo/2022/08/19/13/40/leaves-7396970__340.jpg,"Leaves, Sun, Boho Art Style, Painting"
https://cdn.pixabay.com/photo/2023/01/14/13/17/bellflower-7718193__340.jpg,5. Januar 2023
https://cdn.pixabay.com/photo/2022/08/19/14/06/waterfall-7397017__340.jpg,"Waterfall, Stream, Rocks, Cliff, Country"
https://cdn.pixabay.com/photo/2023/01/15/22/55/fern-7721323__340.jpg,"Fern, Nature, Flower, Botanical, Green"
https://cdn.pixabay.com/photo/2022/10/29/19/21/golden-eagle-7555959__340.jpg,The golden eagle (Aquila chrysaetos)
https://cdn.pixabay.com/photo/2022/12/16/01/41/balloons-7658766__340.jpg,"Balloons, Darling, Night, Clouds"
https://cdn.pixabay.com/photo/2022/10/10/14/13/lotus-7511897__340.jpg,"Lotus, Lotus Leaves, Water Lily, Nature"
/static/img/blank.gif,"Autumn, Town, Vineyard, Autumn Vineyard"
/static/img/blank.gif,"Woman, Fashion, Model, Beautiful, Pretty"
/static/img/blank.gif,"Taro, Caladiums, Decorative Plants, Leaf"
/static/img/blank.gif,"Auch dieses Laufentenk√ºken ist erst f√ºnf Tage alt. Es w√§chst bei einer Henne und deren K√ºken auf, die Laufentenmutter hat ihr Nest fr√ºhzeitig aufgegeben und wollte nicht mehr br√ºten"
/static/img/blank.gif,"Leaves, Sheet, Botanical, Design"
/static/img/blank.gif,"Flower, Cherry Blossom, Sakura, Blossom"
/static/img/blank.gif,"Tower, Building, Road, Lotus Tower"
/static/img/blank.gif,"Flowers, Bloom, Blossom, Spring, Floral"
/static/img/blank.gif,"Mountains, Sunrise, Fall, Fog, Trees"
/static/img/blank.gif,"Flamingo, Birds, Flock, Animals"
/static/img/blank.gif,"Flowers, Leaves, Background, Pattern"
/static/img/blank.gif,"Water, Sunset, Reflection, Dusk, Nature"
/static/img/blank.gif,"Rat, Pet, Animal, Adorable, Box, Color"
/static/img/blank.gif,"""Creativity happens with coffee."" If you value my work, you could buy me a coffee ;) @Paypal thangnhat.tran@gmail.com. S·ª± s√°ng t·∫°o l·∫•y nƒÉng l∆∞·ª£ng t·ª´ cafeine. N·∫øu b·∫°n tr√¢n tr·ªçng nh·ªØng ·∫£nh v√† video c·ªßa tui, h√£y ·ªßng h·ªô tui qua MoMo v√† MB bank s·ªë TK 0968345007 nh√©. Xin c·∫£m ∆°n."
/static/img/blank.gif,"Beach, Sunset, Woman, Flamenco, Dance"
/static/img/blank.gif,"Woman, Book, Cup, Hot Cocoa, Flat Lay"
/static/img/blank.gif,"Demoiselle Crane, Crane, Avian, Bird"
/static/img/blank.gif,"Paving Stones, Stones, Road"
/static/img/blank.gif,"Wikipedia: Molecule Man is a series of aluminium sculptures, designed by American artist Jonathan Borofsky, installed at various locations around the world. According to Borofsky, the holes represent ""the molecules of all human beings coming together to create our existence."""
/static/img/blank.gif,"Mountain, Winter, Sunset, Nature, Clouds"
/static/img/blank.gif,"Man, Fly, Surreal, Bird, Sky, Clouds"
/static/img/blank.gif,Finland
/static/img/blank.gif,einsam
/static/img/blank.gif,"Sky, Clouds, Cumulus, Airspace"
/static/img/blank.gif,"Street, Road, Buildings, Japan, Kyoto"
/static/img/blank.gif,"Flower, Stamens, Hypericum, Macro"
/static/img/blank.gif,"Macarons, Lemon, Pastry, Macaroons"
/static/img/blank.gif,"Italy, Alley, Street, Shopping"
/static/img/blank.gif,A field of sunflowers
/static/img/blank.gif,"Dog, Black Dog, Domestic Animal"
/static/img/blank.gif,"Path, Field, Meadow, Highway, Via"
/static/img/blank.gif,"Seagull, Gull, Sunset, Marina, Boat"
/static/img/blank.gif,"Ground Ginseng, Flower, Pink Flower"
/static/img/blank.gif,"Woman, Flowers, Model, Field, Farm, Sky"
/static/img/blank.gif,"Bee, Flower, Nature, Insect, Macro"
/static/img/blank.gif,"Skater, Couple, Love, Together, Hands"
/static/img/blank.gif,"Moorea, Pacific Ocean, Clouds, Ocean"
/static/img/blank.gif,"Bottle, Cap, Plastic, Blue, Array"
/static/img/blank.gif,"Mountain, Nature, Winter, Season, Travel"
/static/img/blank.gif,"Cape Leadwort, Flowers, Plant"
/static/img/blank.gif,"Space, Nebula, Stars, Cosmos, Galaxy"
/static/img/blank.gif,"Hiking, Winter, Mountain, Fog, Snow"
/static/img/blank.gif,"Pool, Swimming Pool, Water"
/static/img/blank.gif,"Jellyfish, Sea Jellies, Sea, Water"
/static/img/blank.gif,"Winter, Mountain, Transmitter, Jesenik"
/static/img/blank.gif,"Gorilla, Mammal, Animal, Nature, View"
/static/img/blank.gif,"Mountains, Road Trip, Vacation, Summer"
/static/img/blank.gif,"Butterfly, Flower, Pollinate"
/static/img/blank.gif,"Nyc, Nyc Skyline, Nyc Apartment"
/static/img/blank.gif,"Ocean, Waves, Sky, Nature, Cloud"
/static/img/blank.gif,"Boho, Bohemian, Nature, Forest, Animal"
/static/img/blank.gif,"Frozen Lake, Forest, Sunset, Snow, Trees"
/static/img/blank.gif,"Forest, Trees, Fog, Haze, Autumn, Forest"
/static/img/blank.gif,"Mountains, Iceland, Lake, Nature"
/static/img/blank.gif,Likes Appreciated üíô
/static/img/blank.gif,"Curacao, Coast, Shore, Nature, Caribbean"
/static/img/blank.gif,"Egret, Bird, Animal, Heron, Nature"
/static/img/blank.gif,"Meal, Vegetables, Lunch, Diet, Cooking"
/static/img/blank.gif,"12 October 2021 - Warsaw, Poland"
/static/img/blank.gif,"Birds, Birth Card, Bird Nest, Nest"
/static/img/blank.gif,"Cat, Face, Eye, Pet, Animal, Cute"
/static/img/blank.gif,"Grass, Plants, Dry, Meadow, Field"
/static/img/blank.gif,"Africa, Safari, Wilderness, Leopard, Fur"
/static/img/blank.gif,"Bridge, Fog, River, Night, Mist"
/static/img/blank.gif,"Sand Dunes, North Sea, House, Sand, Sea"
/static/img/blank.gif,"Dog, Pet, Husky, Puppy, Outside, Animal"
/static/img/blank.gif,"Apples, Fruits, Green Apples, Red Apple"
/static/img/blank.gif,"Hedgehog, Cute, Prickly, Animals"
/static/img/blank.gif,"Village, Musel, River, Vineyards"
/static/img/blank.gif,"River, Cottage, Forest, Nature, Moon"
/static/img/blank.gif,"Gorilla, Animal, Jungle, Primate"
/static/img/blank.gif,"Ferns, Plants, Nature, Green, Leaves"
/static/img/blank.gif,"Countryside, Children, Memory, Outdoors"
/static/img/blank.gif,"Squirrel, Rodent, Mammal, Wildlife"
/static/img/blank.gif,"Flowers, Blue Flowers, Sticker"
/static/img/blank.gif,"Lai Da Palpuogna, Switzerland"
/static/img/blank.gif,"Water, Ocean, Waves, Outdoors, Sea"
/static/img/blank.gif,"New York, City, Night, Light, Manhattan"
/static/img/blank.gif,Gray Heron. Residents in the area may be able to capture this bird by pointing their cameras out of their second floor windows. üòÅüì∏.
/static/img/blank.gif,"Ocean, Sea, Ireland, Cost, Island, Surf"
/static/img/blank.gif,"Swallowtail, Butterfly, Insect, Flower"
/static/img/blank.gif,Los Gigantes auf Teneriffa
/static/img/blank.gif,"Swan, Bird, Ornithology, Lake, Lake Como"
https://cdn.pixabay.com/photo/2022/12/07/16/03/haze-7641511__340.jpg,"Haze, Fog, Mist, Mountain, Forest, Trees"
https://cdn.pixabay.com/photo/2022/11/20/18/32/winter-7604917__340.jpg,"Winter, Frost, Leaf, Leaves, Fall"
https://cdn.pixabay.com/photo/2022/12/23/16/03/sunrise-7674594__340.jpg,Erwachen...
https://cdn.pixabay.com/photo/2022/10/20/19/31/dog-7535633__340.jpg,"Dog, Animal, Sunset, Mammal, Species"
https://cdn.pixabay.com/photo/2022/12/21/16/07/snow-7670491__340.jpg,"Snow, Winter, Plant, Nature, Landscape"
https://cdn.pixabay.com/photo/2022/01/13/14/05/couple-6935366__340.jpg,"Couple, River, Hug, Trees, Man, Woman"
https://cdn.pixabay.com/photo/2022/11/27/08/39/mountain-7619151__340.jpg,"Hd Wallpaper, Nature Wallpaper, Mountain"
https://cdn.pixabay.com/photo/2022/10/06/08/54/drawing-7502248__340.jpg,"Drawing, Line, Easy, Design, Animal"
https://cdn.pixabay.com/photo/2022/11/14/20/14/compass-7592447__340.jpg,"Compass, Travel, Navigation, Close Up"
https://cdn.pixabay.com/photo/2022/11/28/14/07/skyline-7622147__340.jpg,"Skyline, Architecture, City, Travel"
https://cdn.pixabay.com/photo/2022/12/04/07/03/woman-7633843__340.jpg,"Woman, Model, Dress, Style, Fashion"
https://cdn.pixabay.com/photo/2023/01/08/14/56/flower-7705484__340.jpg,"Flower, Branch, Tree, Cherry Blossoms"
https://cdn.pixabay.com/photo/2019/05/23/13/40/bird-4223977__340.jpg,"Bird, Animal, Feather, Natural"
https://cdn.pixabay.com/photo/2022/04/13/20/32/silhouette-7131109__340.png,"Silhouette, Woman, Head, Abstract, Lines"
https://cdn.pixabay.com/photo/2015/11/12/17/20/tea-1040653__340.jpg,"Tea, Warm, Cup, Hot, Drink, Cup Of Tea"
https://cdn.pixabay.com/photo/2023/01/01/16/35/street-7690347__340.jpg,"Street, Old, Dance, Old Man, Little Girl"
https://cdn.pixabay.com/photo/2022/12/16/00/08/herd-7658724__340.jpg,"Herd, Sheep, Field Of Crops, Grains"
https://cdn.pixabay.com/photo/2022/10/27/07/13/wedding-7550227__340.jpg,"Wedding, Couple, Nature, Outdoors"
https://cdn.pixabay.com/photo/2022/01/24/14/26/bush-6963528__340.png,"Bush, Plant, Berry, Privet"
https://cdn.pixabay.com/photo/2022/11/16/18/38/mexico-7596566__340.jpg,"Mexico, Cdmx, Reform, Chapultepec"
https://cdn.pixabay.com/photo/2022/11/27/18/01/flowers-7620428__340.jpg,"Flowers, Petals, Leaves, Bush, Nature"
https://cdn.pixabay.com/photo/2022/12/11/21/27/roof-7649801__340.jpg,"Roof, Spiral, Station, Pattern, Night"
https://cdn.pixabay.com/photo/2023/01/03/19/22/bird-7695209__340.jpg,"Bird, Heron, Green Heron, Animal"
https://cdn.pixabay.com/photo/2023/01/02/18/35/temple-7692729__340.png,"Temple, Architecture, Museum, Ancient"
/static/img/blank.gif,Ampoule √©teinte
/static/img/blank.gif,"Plums, Fruits, Healthy, Organic, Juicy"
/static/img/blank.gif,"Mountain, Volcano, Twilight, Sunset"
/static/img/blank.gif,"Street, Old Town, House, Ancient, Night"
/static/img/blank.gif,"Bride, Wedding, Wedding Dress, Forest"
/static/img/blank.gif,"Windmill, Wind Turbine, Clouds, Sky"
/static/img/blank.gif,"Flower, Ladybug, Insect, Snowdrops"
/static/img/blank.gif,"Grass, Nature, Landscape, Summer, Sky"
/static/img/blank.gif,"Grain Field, Wheat Field, Agriculture"
/static/img/blank.gif,"Bird, Blackbird, Wings, Feathers, Animal"
/static/img/blank.gif,Aufgenommen am 1.5.2022
/static/img/blank.gif,"Bird, Wildlife, Animal, Nature, Foliage"
/static/img/blank.gif,"Leaf, Drops, Veins, Structure, Foliage"
/static/img/blank.gif,"Horse, Pony, Equine, Woman, Energy"
/static/img/blank.gif,"Spring, Art, Floral, Pattern, Design"
/static/img/blank.gif,"Black-Spotted Longhorn Beetle, Beetle"
/static/img/blank.gif,"Forest, Nature, Autumn, Trees, Landscape"
/static/img/blank.gif,"Chinese Lanterns, Restaurant, Lamps"
/static/img/blank.gif,"Way, Sky, Clouds, Street, Forest"
/static/img/blank.gif,"Dog, Woods, Colorful, Playful, Fun"
/static/img/blank.gif,"Mountains, Meadow, Snow, Hike, Fall"
/static/img/blank.gif,"Vitamins, Pills, Pharmacy, Medication"
/static/img/blank.gif,"Flower, Pollination, Bee, Insect, Nature"
/static/img/blank.gif,"City, Building, Structure, Art, Abstract"
/static/img/blank.gif,"Landscape, Mountains, Evening, Sunset"
/static/img/blank.gif,"Moon, Clouds, First, Quarter, Poster"
/static/img/blank.gif,"Crane Houses, Architecture, Cologne"
/static/img/blank.gif,"Mute Swans, Balz, Swans, Lake"
/static/img/blank.gif,"Winter, Frozen Lake, Forest, Lake"
/static/img/blank.gif,"Plastic Waste, Ocean, Pollution, Garbage"
/static/img/blank.gif,"Winter, Snow, Frost, Cold"
/static/img/blank.gif,"Franz Josef Glacier, Glacier, Ice, Snow"
/static/img/blank.gif,"Island, Lake, Church, Forest, Trees"
/static/img/blank.gif,"Clouds, Sky, Cumulus, Weather, Cloudy"
/static/img/blank.gif,"Winter, Night, Scene, Background, Space"
/static/img/blank.gif,"Vulture, Brown Vulture, Bird Of Prey"
/static/img/blank.gif,"View, Istanbul, Tourism, Dusk, Sunset"
/static/img/blank.gif,"Pink Rose, Rose, Pink Flower, Droplets"
/static/img/blank.gif,"Puzzle Pieces, Puzzle, Share, Game"
/static/img/blank.gif,"Moon, Road, Pathway, Door, Gate"
/static/img/blank.gif,"Night, Lights, City, Streets, Building"
/static/img/blank.gif,"Portrait, Man, Basecamp Cap, Dark"
/static/img/blank.gif,"Typewriter, Vintage, Keyboard, Letter"
/static/img/blank.gif,"Dragonfly, Insect, Animal, Nature"
/static/img/blank.gif,"Flower, Crocus, Spring, Bloom, Nature"
/static/img/blank.gif,"""Creativity happens with coffee."" If you value my work, you could buy me a coffee ;) @Paypal thangnhat.tran@gmail.com. S·ª± s√°ng t·∫°o l·∫•y nƒÉng l∆∞·ª£ng t·ª´ cafeine. N·∫øu b·∫°n tr√¢n tr·ªçng nh·ªØng ·∫£nh v√† video c·ªßa tui, h√£y ·ªßng h·ªô tui qua MoMo v√† MB bank s·ªë TK 0968345007 nh√©. Xin c·∫£m ∆°n."
/static/img/blank.gif,"White-Faced Heron, Heron"
/static/img/blank.gif,"Shanghai, World Financial Center, Clouds"
/static/img/blank.gif,"Architect, Building, Palace, Saigon"
/static/img/blank.gif,"Foam, Tub, Bathroom, Bath, Line Art, Tub"
/static/img/blank.gif,"Snowdrift, Snow, Frost, Winter, Snowy"
/static/img/blank.gif,"Girl, Child, Daughter, Play, Outdoor"
/static/img/blank.gif,"Game, Dice, Roll The Dice, Board Game"
/static/img/blank.gif,"Rose, Flower, Blossom, Bloom, Winter"
https://cdn.pixabay.com/photo/2022/11/27/18/09/butterfly-7620445__340.jpg,"Butterfly, Caterpillar, Branches, Nature"
https://cdn.pixabay.com/photo/2022/12/31/14/32/cat-7688749__340.jpg,"Cat, Pet, Feline, Animal, Mammal, Fur"
https://cdn.pixabay.com/photo/2022/12/09/22/55/trees-7646226__340.jpg,"Trees, Leaves, Foliage, Road, Highway"
https://cdn.pixabay.com/photo/2022/12/19/06/31/australian-shepherd-7664795__340.jpg,"Australian Shepherd, Australia, Friend"
https://cdn.pixabay.com/photo/2022/12/17/19/04/house-7662218__340.png,"House, Trees, Pattern, Background"
https://cdn.pixabay.com/photo/2022/12/30/20/11/rose-7687604__340.jpg,Likes Appreciated üíô
https://cdn.pixabay.com/photo/2022/12/21/19/02/park-7670716__340.jpg,"Park, Mountains, Tenerife, Teide, Nature"
https://cdn.pixabay.com/photo/2022/12/19/19/58/city-7666444__340.jpg,"City, Winter, Snow, Roofs, Buildings"
https://cdn.pixabay.com/photo/2022/12/15/20/28/snow-7658489__340.jpg,"Snow, Winter, Tree, Quiet, Landscape"
https://cdn.pixabay.com/photo/2022/12/19/13/18/ship-7665653__340.jpg,"Ship, Curtain, Strip, Sea, Waves, Clouds"
/static/img/blank.gif,"Wild Carrot, Flower, Frost, Hoarfrost"
/static/img/blank.gif,"People, Space, Corridor, Brief"
/static/img/blank.gif,"Twigs, Branches, Web, Cobweb, Spider Web"
/static/img/blank.gif,"Ruins, Castle, Building, Andernach, City"
/static/img/blank.gif,"Sparkling Wine, Spirits, Bottle, Glasses"
/static/img/blank.gif,"Christmas, Christmas Tree, Winter, Gifts"
/static/img/blank.gif,"Decoration, Christmas, Sylvester"
/static/img/blank.gif,"Christmas Tree, Holiday, Season"
/static/img/blank.gif,"Candles, Candlelight, Night, Background"
/static/img/blank.gif,"Christmas Balls, Snow, Christmas, Winter"
/static/img/blank.gif,"Fireworks, Pyrotechnics, Explode, Sparks"
/static/img/blank.gif,"Sylvester, Happy New Year"
/static/img/blank.gif,Ein Stimmungsbild zusammengesetzt aus zwei Fotos. Eine sehr intensive Arbeit. Danke f√ºr alle Likes und Kommentare. A mood picture composed of two photos. A very intense work. Thanks for all the likes and comments. https://pixabay.com/de/photos/nordlicht-polarlicht-norwegen-500510
/static/img/blank.gif,"Ice Cream, Ice Crystals, Cold, Winter"
/static/img/blank.gif,"Winter Forest, Snow, Winter, Frost"
/static/img/blank.gif,"Ice Crystals, Frost, Winter, Snow, Ice"
/static/img/blank.gif,"European Crested Tit, Bird, Nature"
/static/img/blank.gif,"Winter, Flower, Abstract, Snow, Floral"
/static/img/blank.gif,"Grass, Frost, Winter, Snow, Reeds"
/static/img/blank.gif,"Oil Candles, Burning Candles, Hanukkah"
/static/img/blank.gif,"Christmas Lights, String, Lights, Bulbs"
/static/img/blank.gif,"Frozen Lake, Snow, House, Bank, Lake"
/static/img/blank.gif,"Christmas Background, Snow, Winter"
/static/img/blank.gif,"Merry Christmas, Christmas"
/static/img/blank.gif,"Snow, Frost, Winter, White, Pine"
/static/img/blank.gif,Christmas Decorations
/static/img/blank.gif,"Rose, Rosebud, Flower Bud, Flower"
/static/img/blank.gif,"Christmas, Santa Claus, Reindeer, Snow"
/static/img/blank.gif,"Shrub, Leaves, Branch, Berry, Nature"
/static/img/blank.gif,Give me a thumbs up or a follow if you like this shot. @levelupfilming
/static/img/blank.gif,"Forest, Trees, Cold, Frost, Frozen"
/static/img/blank.gif,"Outdoor seasonal decoration on the Corral Trail, Kalamalka Lake Provincial Park."
/static/img/blank.gif,"New Year, Rocking Horse, Christmas"
/static/img/blank.gif,"Christmas Tree, Christmas, Decoration"
/static/img/blank.gif,"Street, Autumn, Japan, City, Travel"
/static/img/blank.gif,"Town, Amsterdam, City, Urban"
/static/img/blank.gif,"Christmas Market, Christmas Stand, Sale"
/static/img/blank.gif,"Festive Season, Christmas, Paper"
/static/img/blank.gif,"Forest, Winter, Snow, Cold, Blue"
/static/img/blank.gif,"Christmas, Christmas Time, Gifts"
/static/img/blank.gif,"Glitter, Gold, Sparkle, Texture, Shine"
/static/img/blank.gif,"Robin, Bird, Nature, Feathers, Plumage"
/static/img/blank.gif,"Christmas Tree, Star, Lights, Advent"
/static/img/blank.gif,"Zizhu Temple, Temple, Building, Lamp"
/static/img/blank.gif,"Cat, Pet, Animal, British Shorthair, Bkh"
/static/img/blank.gif,"Icicle, Winter, Snow, Frost, Roof"
/static/img/blank.gif,"Star, Winter, Holidays, Light, Figure"
/static/img/blank.gif,"In old capital Nara, on the 4th saturday January every year, an event burning grass on Mt. Wakakusa-yama (342m) takes place. It has been continued since mid 18th century. The reason is said to calm the soul of ancient tomb located on the summit, but it is not clear."
/static/img/blank.gif,"Animal, Squirrel, Mammal, Wild, Wildlife"
/static/img/blank.gif,"Sunset, City, Winter, Cold, Outdoors"
/static/img/blank.gif,"Lantern, Lamp, Candlestick, Light"
/static/img/blank.gif,"Angel, Christmas, Decoration"
/static/img/blank.gif,"Clouds, Stars, Rain Cloud, Cartoon"
/static/img/blank.gif,"African Elephants, Animals, Safari"
/static/img/blank.gif,"Nature, Sky, Black, Hike, Monochrome"
/static/img/blank.gif,"Krems, Dom, Kremer Dom, Lower Austria"
/static/img/blank.gif,"Grand Central, Grand Central Station"
/static/img/blank.gif,"Raspberry, Berries, Twig, Line Art"
/static/img/blank.gif,"Street, Stairs, Wall, Architecture, City"
/static/img/blank.gif,"Self-portrait, camera on tripod, single point lighting, in studio"
/static/img/blank.gif,"Otter, Eat, Black And White, Animal"
/static/img/blank.gif,"Christmas Star, Christmas Decorations"
/static/img/blank.gif,"Cat, Animal, Pet, Feline, Outdoors"
/static/img/blank.gif,"Durham, Ocean, Coast, Beach, Sea"
/static/img/blank.gif,"Hall, Building, Glass Roof, Architecture"
/static/img/blank.gif,"Hiking, Forest, Nature, Winter"
/static/img/blank.gif,"Nature, Flower, Viceroy, Pink, Butterfly"
/static/img/blank.gif,"Automotive, Vintage, Transportation, Old"
/static/img/blank.gif,"Venice, Italy, Channel, Architecture"
/static/img/blank.gif,"Highland Cow, Meadow, Nature"
/static/img/blank.gif,"Xmas, Christmas, Fondue, Eating"
/static/img/blank.gif,"Child, Grandfather, Family, Baby, Senior"
/static/img/blank.gif,"Flowers, Nature, Garden, Bloom, Blossom"
/static/img/blank.gif,"Nature, Winter, Bird, Chaffinch, Frost"
/static/img/blank.gif,"Ship, Sunlight, Ijsselmeer, Reflection"
/static/img/blank.gif,"Caterpillars, Butterfly, Crossing, Evade"
/static/img/blank.gif,"Seoul, City, Landscape, Architecture"
/static/img/blank.gif,"Sky, Nature, Sunset, Clouds, Space"
/static/img/blank.gif,"Maui, Hawaii, Volcano, Clouds, Sky"
/static/img/blank.gif,"Feather, Dune, Desert, Sand"
/static/img/blank.gif,"Cherry Blossoms, Flowers, Spring"
/static/img/blank.gif,"Christmas, Decoration, Angel Hair"
/static/img/blank.gif,"Moose, Golden, Lichtspiel, Christmas"
/static/img/blank.gif,"Cold, Ski, Snow, Nature, Landscape"
/static/img/blank.gif,"Christmas, Gift, Box, Present"
/static/img/blank.gif,"New Year, Christmas, Holiday, Winter"
/static/img/blank.gif,"Christmas Market, Budweis, Budejovice"
/static/img/blank.gif,"Chipmunk, Animal, Rodent, Mammal"
/static/img/blank.gif,"Christmas, Christmas Balls, Decoration"
/static/img/blank.gif,"Robin, Bird, Branch, Perched, Animal"
/static/img/blank.gif,"Winter Sports, Ski, Winter, Snow"
/static/img/blank.gif,"Ice Block, Winter, Frozen, Lake, Nature"
/static/img/blank.gif,"Music Sheet, Music, Snow, Christmas Time"
/static/img/blank.gif,"Mount Cook, New Zealand"
/static/img/blank.gif,"Hills, Winter, Sunset, Snow, Trees"
/static/img/blank.gif,"Background, Art, Plants, Winter Flowers"
/static/img/blank.gif,"Winter, Tree, Frost, Snow, Cold"
/static/img/blank.gif,"""Creativity happens with coffee."" If you value my work, you could buy me a coffee ;) @Paypal thangnhat.tran@gmail.com. S·ª± s√°ng t·∫°o l·∫•y nƒÉng l∆∞·ª£ng t·ª´ cafeine. N·∫øu b·∫°n tr√¢n tr·ªçng nh·ªØng ·∫£nh v√† video c·ªßa tui, h√£y ·ªßng h·ªô tui qua MoMo v√† MB bank s·ªë TK 0968345007 nh√©. Xin c·∫£m ∆°n."
/static/img/blank.gif,"Skiing, Snow, Trees, Path, Winter"
/static/img/blank.gif,"Snow, Hands, Girl, Winter, Child, Kid"
/static/img/blank.gif,"Gingerbread, Food, Christmas, Advent"
/static/img/blank.gif,"Nature, Travel, Exploration, Outdoors"
/static/img/blank.gif,"Fir Branch, Christmas Decorations"
/static/img/blank.gif,"Forest, Trail, Winter, Snow, Nature"
/static/img/blank.gif,"Winter, Pine Tree, Snow, Conifer, Nature"
/static/img/blank.gif,"Branch, Coniferous Forest"
/static/img/blank.gif,"The fieldfare (Turdus pilaris) __ Birds, like any other creature, have physical defects that they must deal with - in this case, the bird has a deformed beak"
/static/img/blank.gif,"Nature, Grasses, Plant, Botany, Growth"
/static/img/blank.gif,"Gift, Christmas Tree, Christmas"
/static/img/blank.gif,Pl√§tzchen zum Ausruhen
/static/img/blank.gif,"Angel, Artwork, Ball, Christmas, Cup"
/static/img/blank.gif,"Pine, Sprig, Frost, Flora, Snow, Spruce"
